[
 {
   "itemId": 16592,
   "quantityOnHand": 15
 },
 {
   "itemId": 10693,
   "quantityOnHand": 25
 },
 {
   "itemId": 17496,
   "quantityOnHand": 5
 },
 {
   "itemId": 12853,
   "quantityOnHand": 8
 },
 {
   "itemId": 12677,
   "quantityOnHand": 4
 },
 {
   "itemId": 12690,
   "quantityOnHand": 10
 },
 {
   "itemId": 18525,
   "quantityOnHand": 10
 },
 {
   "itemId": 10993,
   "quantityOnHand": 15
 },
 {
   "itemId": 13042,
   "quantityOnHand": 12
 },
 {
   "itemId": 13362,
   "quantityOnHand": 10
 },
 {
   "itemId": 10142,
   "quantityOnHand": 22
 },
 {
   "itemId": 17488,
   "quantityOnHand": 10
 },
 {
   "itemId": 11895,
   "quantityOnHand": 17
 },
 {
   "itemId": 16026,
   "quantityOnHand": 8
 },
 {
   "itemId": 15577,
   "quantityOnHand": 20
 },
 {
   "itemId": 18627,
   "quantityOnHand": 18
 },
 {
   "itemId": 19753,
   "quantityOnHand": 13
 },
 {
   "itemId": 10713,
   "quantityOnHand": 7
 },
 {
   "itemId": 13858,
   "quantityOnHand": 8
 },
 {
   "itemId": 16583,
   "quantityOnHand": 12
 }
]